n_estimators,learning_rate,max_depth,min_child_weight,subsample,colsample_bytree,mae,2h_regret,4h_regret,6h_regret,8h_regret
200,0.03,4,5,1.0,0.8,24.038241671573314,41.44958333333333,26.827916666666667,20.931805555555556,17.186354166666664
100,0.05,4,5,1.0,0.8,24.68137750780949,36.60125,26.827916666666667,20.931805555555556,16.836354166666663
200,0.03,4,5,1.0,1.0,24.981703843807296,42.532916666666665,26.828125,20.255972222222223,17.126354166666665
300,0.03,4,1,0.8,0.8,23.546897409756088,42.29958333333334,26.90125,20.92638888888889,17.06
300,0.03,4,5,1.0,0.8,23.309141940370736,42.887916666666676,26.94125,20.255972222222223,16.58802083333333
300,0.05,4,1,0.8,0.8,22.92449890727917,43.53874999999999,27.090416666666666,20.119722222222226,16.515729166666663
100,0.05,4,5,0.8,0.8,24.31113324662523,42.793749999999996,27.13,20.89986111111111,18.8471875
200,0.05,4,1,1.0,1.0,25.37020713282483,41.28458333333334,27.314375,20.813194444444445,17.55677083333333
300,0.03,6,5,1.0,0.8,22.976040864744267,35.54291666666667,27.321666666666662,20.303750000000004,16.333125
100,0.05,4,5,0.8,1.0,25.320746752174333,43.111250000000005,27.405,22.449861111111108,19.331354166666664
200,0.03,6,5,1.0,1.0,23.431126393399953,39.08208333333334,27.408333333333335,22.490694444444443,18.577604166666664
200,0.05,4,5,0.8,1.0,24.484147427074962,41.99666666666666,27.763749999999998,20.449166666666667,17.343854166666663
200,0.05,4,5,1.0,1.0,24.48427250662316,40.347500000000004,27.985208333333336,20.36652777777778,16.58802083333333
300,0.03,4,5,1.0,1.0,24.167595442320323,43.321666666666665,29.115624999999994,22.252638888888892,18.690729166666667
300,0.03,6,5,0.8,0.8,26.03620350845158,47.74375,29.47083333333333,24.599444444444448,20.154479166666665
300,0.03,4,1,1.0,0.8,24.20402602902273,42.279583333333335,29.654374999999998,22.252638888888892,18.458020833333332
300,0.05,4,1,1.0,0.8,24.838903814645132,43.37916666666667,29.790416666666662,20.120416666666667,16.345312499999995
100,0.05,4,5,1.0,1.0,25.20045112002005,43.30375,29.805208333333336,22.891111111111115,20.149999999999995
100,0.05,6,5,1.0,1.0,23.476820161741315,40.98041666666666,29.877916666666664,21.98777777777778,18.437187499999997
300,0.05,6,1,1.0,0.8,22.672611953099036,43.43208333333334,30.00458333333333,22.561111111111114,18.805624999999996
100,0.05,4,1,0.8,0.8,24.388119256217326,42.899166666666666,30.057291666666668,22.93319444444445,18.9390625
300,0.05,4,1,1.0,1.0,24.48787367359927,50.19416666666667,30.072708333333335,22.418055555555558,19.268749999999997
300,0.03,6,1,1.0,1.0,23.068839343735828,46.18833333333333,30.074999999999992,22.23402777777778,18.242708333333333
200,0.03,6,5,1.0,0.8,23.32217302097207,38.178333333333335,30.074999999999992,22.299861111111113,18.549999999999997
200,0.03,4,1,1.0,0.8,26.117584492098246,43.41458333333333,30.09125,24.026111111111117,17.16302083333333
100,0.05,6,1,1.0,1.0,23.02111477186042,47.70541666666666,30.121874999999992,21.905694444444446,18.606041666666666
300,0.05,6,5,1.0,1.0,22.33279302757191,43.732916666666675,30.126874999999995,21.987638888888892,17.202916666666663
100,0.03,4,5,0.8,0.8,26.106757803418574,42.49458333333333,30.14520833333333,24.689444444444447,22.28843749999999
300,0.03,4,1,1.0,1.0,25.213739666708353,44.62375,30.149791666666662,24.59208333333334,16.58802083333333
200,0.03,6,1,1.0,0.8,22.475999283774183,42.810833333333335,30.15291666666666,22.258333333333336,19.087395833333332
200,0.03,6,1,1.0,1.0,23.25685850233567,42.995000000000005,30.153124999999992,21.879583333333333,18.865937499999998
300,0.03,6,1,1.0,0.8,22.16414732026587,42.834583333333335,30.153124999999992,22.065972222222225,18.549062499999998
300,0.05,4,5,1.0,1.0,23.877444484792502,42.442083333333336,30.276874999999993,22.561111111111114,18.86020833333333
300,0.05,6,1,1.0,1.0,22.469443101979095,47.19625,30.297916666666666,21.88,19.069999999999997
200,0.05,6,1,1.0,1.0,22.656780758309367,44.87583333333333,30.297916666666666,22.10361111111111,19.279479166666665
300,0.03,6,5,1.0,1.0,23.45064677151704,39.281666666666666,30.29833333333333,22.267638888888893,18.456249999999997
200,0.05,6,5,1.0,1.0,22.43343743391993,41.21333333333334,30.344999999999995,22.211111111111112,18.094374999999996
100,0.03,6,1,1.0,0.8,24.00958261551513,38.53666666666667,30.382083333333327,27.508333333333336,23.96635416666666
200,0.05,4,1,0.8,0.8,23.11327960503657,43.29333333333333,30.575208333333332,22.45125,18.61802083333333
200,0.05,6,1,1.0,0.8,22.857393807159028,44.175000000000004,30.70708333333333,22.561111111111114,19.025937499999998
200,0.03,4,1,0.8,0.8,24.414762253599122,42.99833333333334,30.71604166666667,22.89652777777778,18.9390625
100,0.05,6,1,1.0,0.8,23.413214549218562,46.25125,30.72395833333333,27.309722222222224,18.727395833333333
200,0.05,4,1,0.8,1.0,24.7488510934843,49.13041666666668,30.72875,20.119722222222226,16.677812499999998
200,0.05,4,5,0.8,0.8,23.812778156804594,45.512916666666676,30.948125,24.143750000000008,20.511249999999997
300,0.05,6,5,1.0,0.8,24.678804557617042,41.32833333333333,31.011875,23.522499999999997,20.621979166666666
300,0.05,6,5,0.8,1.0,24.847255721393207,43.109583333333326,31.01458333333333,22.409861111111113,18.185208333333332
200,0.03,6,5,0.8,0.8,26.116470511963684,47.74375,31.120625,24.488888888888894,20.77770833333333
200,0.03,6,1,0.8,0.8,24.197572515558026,54.435,31.208125,24.703333333333337,20.237812499999997
200,0.05,6,5,0.8,1.0,25.169334215690338,43.03041666666667,31.213333333333328,22.32111111111111,18.185208333333332
100,0.05,4,1,1.0,0.8,26.283639412589725,39.915,31.220208333333332,23.342222222222222,20.301875
100,0.05,6,5,0.8,1.0,25.698208414622485,43.77333333333333,31.268541666666664,22.744444444444444,18.915416666666662
100,0.05,6,5,0.8,0.8,25.31099194823498,40.04666666666667,31.286875,24.488888888888894,21.776354166666664
200,0.05,4,1,1.0,0.8,25.483977073107123,38.08375,31.323541666666667,20.251944444444444,17.005
300,0.05,4,5,0.8,0.8,23.697511734562735,45.45541666666667,31.357708333333335,24.143750000000008,20.242291666666663
100,0.03,6,5,1.0,1.0,25.05298132139849,46.54666666666666,31.43083333333333,30.40597222222222,24.025937499999994
200,0.03,4,5,0.8,0.8,25.14094290908899,44.74125,31.432291666666668,25.235972222222227,20.301875
100,0.05,4,1,1.0,1.0,26.110880196063178,38.62375,31.442916666666665,24.954444444444448,16.659999999999997
200,0.05,6,1,0.8,0.8,22.83347940035327,48.10708333333334,31.474374999999995,22.561805555555555,19.405416666666664
300,0.05,6,1,0.8,0.8,22.503822010413312,52.30083333333334,31.526666666666667,22.561805555555555,19.405416666666664
200,0.05,6,1,0.8,1.0,23.630280248782714,48.678333333333335,31.63895833333333,23.35666666666667,20.77520833333333
200,0.03,4,1,0.8,1.0,26.066317240528704,45.93666666666667,31.650208333333335,24.332500000000007,20.384062499999995
200,0.05,6,5,0.8,0.8,25.749004142088413,45.985833333333325,31.676041666666663,24.797361111111115,22.306770833333328
100,0.03,4,1,0.8,1.0,26.727829506750854,48.565416666666664,31.682708333333334,24.951111111111114,20.288854166666663
300,0.05,6,5,0.8,0.8,25.53602033738638,41.15291666666667,31.71145833333333,24.797361111111115,20.919583333333332
300,0.03,4,1,0.8,1.0,25.487137410420445,44.9675,31.785,24.332500000000007,20.360729166666662
200,0.05,6,5,1.0,0.8,24.18500100229808,40.32833333333333,31.868333333333336,24.52972222222223,20.546354166666664
300,0.05,6,1,0.8,1.0,23.389692461758425,48.678333333333335,31.88291666666666,22.372500000000002,18.8178125
100,0.05,6,5,1.0,0.8,24.50089364035883,40.132083333333334,31.976041666666664,24.57111111111111,20.349687499999998
300,0.05,4,5,0.8,1.0,23.997782937045624,44.49541666666667,32.456875,23.466666666666672,19.222812499999996
100,0.03,4,5,1.0,1.0,26.583893848542896,44.329583333333325,32.59020833333333,26.114444444444445,23.22395833333333
100,0.03,4,1,0.8,0.8,25.825088306867283,41.39625,32.8975,26.686111111111114,24.517395833333328
300,0.03,4,5,0.8,1.0,25.30431448337622,44.6825,32.94208333333333,23.346944444444446,17.16302083333333
300,0.03,4,5,0.8,0.8,24.749785039080752,45.24666666666667,32.94229166666666,25.272638888888892,20.237812499999997
300,0.03,6,1,0.8,0.8,23.928999299741687,54.37583333333333,33.06583333333333,24.901250000000005,19.614583333333332
300,0.03,6,5,0.8,1.0,24.77434265616461,46.51666666666666,33.15708333333333,24.797361111111115,20.34125
100,0.05,6,1,0.8,0.8,23.499170080860043,51.22291666666667,33.25895833333333,22.561805555555555,19.945312499999996
100,0.03,6,5,1.0,0.8,24.597887920171377,51.25916666666666,33.470625000000005,29.944583333333338,23.98968749999999
200,0.03,4,5,0.8,1.0,25.727577639411365,46.03333333333333,33.49708333333333,25.272638888888892,20.382499999999997
100,0.03,4,5,1.0,0.8,26.14144260674774,50.27166666666667,34.151875,24.203611111111115,20.029687499999998
100,0.05,6,1,0.8,1.0,24.299228986626165,51.45333333333334,34.40854166666667,26.703611111111115,22.919583333333325
200,0.05,4,5,1.0,0.8,24.25859620141398,45.93333333333333,34.425,25.785,21.27604166666666
300,0.05,4,5,1.0,0.8,24.15716902711739,46.507083333333334,34.490624999999994,25.308472222222225,20.78677083333333
100,0.03,6,5,0.8,1.0,24.87870198931368,46.3375,34.540416666666665,24.91361111111111,22.848958333333325
100,0.03,6,5,0.8,0.8,25.211626662869776,50.56,34.993541666666665,29.013333333333335,26.598333333333326
300,0.05,4,1,0.8,1.0,23.95898939378988,51.626250000000006,34.995,23.466666666666672,19.222812499999996
200,0.03,4,1,1.0,1.0,25.85874231152769,47.701666666666675,35.32395833333333,26.980972222222224,21.94135416666666
100,0.03,4,1,1.0,0.8,26.090376025228988,43.53583333333333,35.76541666666666,25.15694444444445,18.999374999999997
100,0.03,4,5,0.8,1.0,26.52095295535031,48.1775,35.85208333333333,25.58861111111111,22.687395833333326
100,0.05,4,1,0.8,1.0,25.703850760393085,48.83125000000001,35.93625,20.489861111111114,17.08583333333333
200,0.03,6,5,0.8,1.0,24.68647161244297,46.51666666666666,36.549375,24.686805555555562,20.633541666666662
100,0.03,6,1,1.0,1.0,24.91602755973766,49.72666666666667,36.62958333333333,30.653611111111115,27.04239583333333
200,0.03,6,1,0.8,1.0,23.57974549387212,50.224583333333335,37.005208333333336,23.911250000000006,20.20114583333333
300,0.03,6,1,0.8,1.0,23.214520166681876,51.26791666666667,37.01020833333333,23.341944444444447,20.20114583333333
100,0.03,6,1,0.8,0.8,24.812443200829367,49.70708333333334,38.939375,25.567361111111115,19.725624999999997
100,0.03,6,1,0.8,1.0,24.95366492474866,50.75083333333333,39.09270833333333,30.855277777777783,26.835624999999993
100,0.03,4,1,1.0,1.0,26.693818744668175,48.15291666666667,40.84437499999999,31.138611111111114,22.97979166666666
