timestamp,actual,recursive,multi_horizon
2026-09-08 00:00:00+00:00,155.72,150.03125,116.331635
2026-09-08 01:00:00+00:00,152.43,143.78036,113.166275
2026-09-08 02:00:00+00:00,151.98,153.33264,107.943085
2026-09-08 03:00:00+00:00,167.38,150.03017,95.22298
2026-09-08 04:00:00+00:00,203.04,162.99937,105.470505
2026-09-08 05:00:00+00:00,225.43,172.3406,117.817314
2026-09-08 06:00:00+00:00,200.74,167.13884,109.91135
2026-09-08 07:00:00+00:00,152.73,150.19348,96.23059
2026-09-08 08:00:00+00:00,107.24,124.224846,83.120476
2026-09-08 09:00:00+00:00,57.24,116.392136,61.171875
2026-09-08 10:00:00+00:00,16.8,85.03506,41.51158
2026-09-08 11:00:00+00:00,1.98,83.27837,25.336365
2026-09-08 12:00:00+00:00,1.65,78.88238,20.443392
2026-09-08 13:00:00+00:00,48.63,89.679985,26.525045
2026-09-08 14:00:00+00:00,78.63,92.031654,42.2788
2026-09-08 15:00:00+00:00,159.12,110.74634,81.17992
2026-09-08 16:00:00+00:00,200.58,118.88342,119.68797
2026-09-08 17:00:00+00:00,240.76,186.73222,160.34076
2026-09-08 18:00:00+00:00,257.34,172.70042,150.44191
2026-09-08 19:00:00+00:00,218.94,161.98454,122.912
2026-09-08 20:00:00+00:00,196.01,166.23593,140.2623
2026-09-08 21:00:00+00:00,177.45,177.67839,123.30662
2026-09-08 22:00:00+00:00,149.96,137.21948,99.20181
2026-09-08 23:00:00+00:00,145.82,134.34196,96.42676
2026-09-09 00:00:00+00:00,143.34,110.24834,72.92738
2026-09-09 01:00:00+00:00,139.48,97.44081,72.77362
2026-09-09 02:00:00+00:00,137.86,99.29241,77.07977
2026-09-09 03:00:00+00:00,142.37,128.28151,77.393265
2026-09-09 04:00:00+00:00,174.01,128.18785,82.37059
2026-09-09 05:00:00+00:00,199.77,138.74211,106.21666
2026-09-09 06:00:00+00:00,197.98,154.12581,110.08388
2026-09-09 07:00:00+00:00,160.51,124.96758,94.84059
2026-09-09 08:00:00+00:00,123.39,103.26983,55.552803
2026-09-09 09:00:00+00:00,101.07,80.84732,52.8476
2026-09-09 10:00:00+00:00,88.04,54.200775,39.2069
2026-09-09 11:00:00+00:00,67.08,50.110226,31.954956
2026-09-09 12:00:00+00:00,61.57,40.736744,34.008636
2026-09-09 13:00:00+00:00,72.94,52.424576,43.998566
2026-09-09 14:00:00+00:00,95.6,88.479195,61.68713
2026-09-09 15:00:00+00:00,132.06,106.253784,97.994446
2026-09-09 16:00:00+00:00,173.69,124.59241,118.40026
2026-09-09 17:00:00+00:00,202.04,157.88478,164.7609
2026-09-09 18:00:00+00:00,202.36,196.2504,176.06204
2026-09-09 19:00:00+00:00,196.51,189.20354,154.4063
2026-09-09 20:00:00+00:00,174.98,146.86266,117.02429
2026-09-09 21:00:00+00:00,153.25,148.72925,112.61953
2026-09-09 22:00:00+00:00,160.18,119.201096,104.76693
2026-09-09 23:00:00+00:00,157.35,119.69021,92.736855
2026-09-10 00:00:00+00:00,159.48,130.83801,101.587395
2026-09-10 01:00:00+00:00,162.38,110.670654,97.67845
2026-09-10 02:00:00+00:00,169.65,124.378075,94.4075
2026-09-10 03:00:00+00:00,183.92,130.57713,100.2021
2026-09-10 04:00:00+00:00,210.84,136.7981,115.31058
2026-09-10 05:00:00+00:00,231.93,173.74225,156.44183
2026-09-10 06:00:00+00:00,222.05,163.7752,145.68799
2026-09-10 07:00:00+00:00,184.98,143.66504,123.43192
2026-09-10 08:00:00+00:00,146.37,104.244896,79.31384
2026-09-10 09:00:00+00:00,105.57,72.46103,61.478302
2026-09-10 10:00:00+00:00,76.64,58.218628,56.88141
2026-09-10 11:00:00+00:00,66.14,48.345463,60.47046
2026-09-10 12:00:00+00:00,91.76,46.9776,66.49284
2026-09-10 13:00:00+00:00,117.67,63.636414,82.757866
2026-09-10 14:00:00+00:00,149.55,85.632515,90.2218
2026-09-10 15:00:00+00:00,187.9,122.912766,116.4799
2026-09-10 16:00:00+00:00,250.0,149.51807,163.76788
2026-09-10 17:00:00+00:00,460.86,204.15302,229.7104
2026-09-10 18:00:00+00:00,429.33,253.26807,246.59996
2026-09-10 19:00:00+00:00,254.72,228.47656,177.94681
2026-09-10 20:00:00+00:00,225.09,182.51619,158.4955
2026-09-10 21:00:00+00:00,199.4,174.97679,139.41881
2026-09-10 22:00:00+00:00,184.33,138.16554,132.3325
2026-09-10 23:00:00+00:00,180.72,132.02254,123.459564
2026-09-11 00:00:00+00:00,171.4,135.46483,120.95535
2026-09-11 01:00:00+00:00,164.63,131.97916,114.07162
2026-09-11 02:00:00+00:00,167.19,129.64111,120.916374
2026-09-11 03:00:00+00:00,176.04,138.44792,121.504616
2026-09-11 04:00:00+00:00,202.76,155.6282,126.093834
2026-09-11 05:00:00+00:00,223.12,171.14566,148.60622
2026-09-11 06:00:00+00:00,214.2,180.44196,141.43623
2026-09-11 07:00:00+00:00,194.49,129.3498,127.27654
2026-09-11 08:00:00+00:00,178.21,108.42161,91.195526
2026-09-11 09:00:00+00:00,147.37,86.202156,73.74988
2026-09-11 10:00:00+00:00,132.14,84.51084,61.50955
2026-09-11 11:00:00+00:00,131.51,78.225525,25.71546
2026-09-11 12:00:00+00:00,146.46,77.60225,52.24381
2026-09-11 13:00:00+00:00,158.64,85.02904,48.084385
2026-09-11 14:00:00+00:00,181.65,95.51105,92.52513
2026-09-11 15:00:00+00:00,209.36,113.264305,113.88226
2026-09-11 16:00:00+00:00,248.49,128.89597,138.83827
2026-09-11 17:00:00+00:00,309.14,215.96512,181.95462
2026-09-11 18:00:00+00:00,288.91,237.79224,187.57567
2026-09-11 19:00:00+00:00,245.08,199.37527,165.49063
2026-09-11 20:00:00+00:00,224.96,182.08673,154.2989
2026-09-11 21:00:00+00:00,204.61,175.63655,141.47313
2026-09-11 22:00:00+00:00,205.28,121.83647,120.07177
2026-09-11 23:00:00+00:00,199.04,124.98766,119.13438
2026-09-12 00:00:00+00:00,196.39,122.168724,115.68528
2026-09-12 01:00:00+00:00,189.3,120.968475,116.85204
2026-09-12 02:00:00+00:00,184.23,114.44912,116.07385
2026-09-12 03:00:00+00:00,186.7,118.096245,113.09961
2026-09-12 04:00:00+00:00,193.19,143.11996,116.443504
2026-09-12 05:00:00+00:00,193.63,165.22876,116.590065
2026-09-12 06:00:00+00:00,173.83,171.52385,119.35694
2026-09-12 07:00:00+00:00,143.27,127.23956,103.694115
2026-09-12 08:00:00+00:00,89.21,104.04425,78.98101
2026-09-12 09:00:00+00:00,32.85,87.39145,47.816254
2026-09-12 10:00:00+00:00,1.0,59.806202,29.798187
2026-09-12 11:00:00+00:00,-0.05,52.46693,31.061861
2026-09-12 12:00:00+00:00,-0.24,41.9631,37.66851
2026-09-12 13:00:00+00:00,0.73,51.67723,48.05531
2026-09-12 14:00:00+00:00,34.44,79.396736,73.73517
2026-09-12 15:00:00+00:00,118.7,114.43648,108.546974
2026-09-12 16:00:00+00:00,177.94,129.62779,147.54344
2026-09-12 17:00:00+00:00,203.49,159.6485,160.6543
2026-09-12 18:00:00+00:00,210.19,190.45999,156.74872
2026-09-12 19:00:00+00:00,202.12,170.72107,149.58176
2026-09-12 20:00:00+00:00,190.98,152.96497,145.0622
2026-09-12 21:00:00+00:00,184.81,139.73077,121.570694
2026-09-12 22:00:00+00:00,166.33,117.16258,113.57422
2026-09-12 23:00:00+00:00,161.19,116.102066,92.76233
2026-09-13 00:00:00+00:00,154.0,108.07429,84.05668
2026-09-13 01:00:00+00:00,151.11,115.15547,91.91654
2026-09-13 02:00:00+00:00,147.8,115.65704,88.20407
2026-09-13 03:00:00+00:00,150.74,118.99314,87.055664
2026-09-13 04:00:00+00:00,153.98,129.40338,86.92335
2026-09-13 05:00:00+00:00,153.56,138.73683,86.94253
2026-09-13 06:00:00+00:00,142.63,139.92293,86.029236
2026-09-13 07:00:00+00:00,118.7,110.131195,78.27987
2026-09-13 08:00:00+00:00,103.7,92.97541,72.52597
2026-09-13 09:00:00+00:00,85.8,86.814514,61.412464
2026-09-13 10:00:00+00:00,73.39,77.53978,35.413567
2026-09-13 11:00:00+00:00,69.58,68.61394,28.581419
2026-09-13 12:00:00+00:00,72.79,65.68466,42.685596
2026-09-13 13:00:00+00:00,97.78,68.94349,47.94764
2026-09-13 14:00:00+00:00,127.3,87.905556,76.126625
2026-09-13 15:00:00+00:00,166.61,123.77433,118.30014
2026-09-13 16:00:00+00:00,194.96,131.3234,144.55989
2026-09-13 17:00:00+00:00,219.41,168.4798,145.5633
2026-09-13 18:00:00+00:00,227.76,184.91898,128.1635
2026-09-13 19:00:00+00:00,218.04,164.7782,111.091965
2026-09-13 20:00:00+00:00,208.43,150.52742,126.25339
2026-09-13 21:00:00+00:00,192.42,132.08528,118.91279
2026-09-13 22:00:00+00:00,201.71,125.11865,116.66253
2026-09-13 23:00:00+00:00,187.89,156.87276,113.76935
2026-09-14 00:00:00+00:00,184.17,178.23741,122.03269
2026-09-14 01:00:00+00:00,183.87,173.30914,121.39214
2026-09-14 02:00:00+00:00,183.76,181.02455,119.908485
2026-09-14 03:00:00+00:00,202.13,190.2741,117.47635
2026-09-14 04:00:00+00:00,254.69,222.53094,135.76314
2026-09-14 05:00:00+00:00,316.91,248.51021,172.5759
2026-09-14 06:00:00+00:00,299.6,272.02905,200.43735
2026-09-14 07:00:00+00:00,250.88,202.39299,174.3431
2026-09-14 08:00:00+00:00,211.83,151.59012,97.30848
2026-09-14 09:00:00+00:00,196.8,119.7419,81.42365
2026-09-14 10:00:00+00:00,180.68,109.681656,69.56762
2026-09-14 11:00:00+00:00,166.26,90.64969,66.57497
2026-09-14 12:00:00+00:00,161.43,94.90729,80.05949
2026-09-14 13:00:00+00:00,164.9,96.86605,76.19082
2026-09-14 14:00:00+00:00,180.65,109.08759,96.87422
2026-09-14 15:00:00+00:00,233.67,187.44244,145.88394
2026-09-14 16:00:00+00:00,400.09,234.51434,188.06271
2026-09-14 17:00:00+00:00,697.31,298.8648,243.87953
2026-09-14 18:00:00+00:00,526.1,280.07043,256.30682
2026-09-14 19:00:00+00:00,300.4,226.95462,176.7972
2026-09-14 20:00:00+00:00,246.75,215.01547,155.91504
2026-09-14 21:00:00+00:00,224.64,168.71736,133.42235
2026-09-14 22:00:00+00:00,208.89,168.64241,124.00428
2026-09-14 23:00:00+00:00,198.02,179.20264,117.00193
