timestamp,price_eur_mwh
2026-09-12 22:00:00+00:00,166.33
2026-09-12 23:00:00+00:00,161.19
2026-09-13 00:00:00+00:00,154.0
2026-09-13 01:00:00+00:00,151.11
2026-09-13 02:00:00+00:00,147.8
2026-09-13 03:00:00+00:00,150.74
2026-09-13 04:00:00+00:00,153.98
2026-09-13 05:00:00+00:00,153.56
2026-09-13 06:00:00+00:00,142.63
2026-09-13 07:00:00+00:00,118.7
2026-09-13 08:00:00+00:00,103.7
2026-09-13 09:00:00+00:00,85.8
2026-09-13 10:00:00+00:00,73.39
2026-09-13 11:00:00+00:00,69.58
2026-09-13 12:00:00+00:00,72.79
2026-09-13 13:00:00+00:00,97.78
2026-09-13 14:00:00+00:00,127.3
2026-09-13 15:00:00+00:00,166.61
2026-09-13 16:00:00+00:00,194.96
2026-09-13 17:00:00+00:00,219.41
2026-09-13 18:00:00+00:00,227.76
2026-09-13 19:00:00+00:00,218.04
2026-09-13 20:00:00+00:00,208.43
2026-09-13 21:00:00+00:00,192.42
